id,market_id,market_name,title,url,image_url,price,quantity_value,quantity_unit,normalized_price,normalized_unit,price_display,availability,normalization_status,search_query,cep,collected_at
a3b6175a-42f0-47d3-85dd-5a5a9cc9805b,atacadao,Atacadão,Arroz Biguá Longo Fino - Tipo 1 5kg,https://www.atacadao.com.br/arroz-bigua-longo-fino-tipo-1-pacote-com-5kg-14967-13591/p,/_next/image?url=https%3A%2F%2Fatacadaobr.vtexassets.com%2Farquivos%2Fids%2F655751-300-300%2Fm.jpg%3Fv%3D638976168412470000&w=3840&q=75,13.65,5.0,kg,2.73,kg,"R$ 2,73/kg",available,success,arroz 5 kg,,2025-12-31T22:03:42.412681
9b1291e6-fa30-4cb9-a59d-26fe695378ff,atacadao,Atacadão,Arroz Patéko Agulhinha- Tipo 1 5kg,https://www.atacadao.com.br/arroz-pateko-agulhinha-16175-14583/p,/_next/image?url=https%3A%2F%2Fatacadaobr.vtexassets.com%2Farquivos%2Fids%2F655967-300-300%2Fm.jpg%3Fv%3D638976169310530000&w=3840&q=75,14.9,5.0,kg,2.98,kg,"R$ 2,98/kg",available,success,arroz 5 kg,,2025-12-31T22:03:42.661122
449bf9c1-b9f9-49cc-a2bd-d7cfedc2555c,atacadao,Atacadão,Arroz Vila Nova Parboilizado - Tipo 1 5kg,https://www.atacadao.com.br/arroz-vila-nova-parboilizado---tipo-1-13161-15219/p,/_next/image?url=https%3A%2F%2Fatacadaobr.vtexassets.com%2Farquivos%2Fids%2F655452-300-300%2Fp.jpg%3Fv%3D638976165885000000&w=3840&q=75,14.88,5.0,kg,2.98,kg,"R$ 2,98/kg",available,success,arroz 5 kg,,2025-12-31T22:03:42.761195
ec55bc28-d9e6-4bd9-9e59-1d0f7236d1c8,atacadao,Atacadão,Arroz Meu Biju Agulhinha Tipo 1 5kg,https://www.atacadao.com.br/arroz-meu-biju-agulhinha---tipo-1-pacote-com-5kg-1503-14382/p,/_next/image?url=https%3A%2F%2Fatacadaobr.vtexassets.com%2Farquivos%2Fids%2F662557-300-300%2Fg.jpg%3Fv%3D638976416310800000&w=3840&q=75,15.1,5.0,kg,3.02,kg,"R$ 3,02/kg",available,success,arroz 5 kg,,2025-12-31T22:03:42.281271
e1f14830-5cf5-4e4f-af5a-3d37f49d7a0d,atacadao,Atacadão,Arroz Sabor Máximo Agulhinha Tipo 1 5kg,https://www.atacadao.com.br/arroz-sabor-maximo-agulhinha-tipo-1-35781-14357/p,/_next/image?url=https%3A%2F%2Fatacadaobr.vtexassets.com%2Farquivos%2Fids%2F659472-300-300%2Fm.jpg%3Fv%3D638976194481700000&w=3840&q=75,15.29,5.0,kg,3.06,kg,"R$ 3,06/kg",available,success,arroz 5 kg,,2025-12-31T22:03:42.581061
3bd8391e-ca53-48a0-8027-35b3ab0257c9,atacadao,Atacadão,Arroz Namorado Agulhinha Tipo 1 5kg,https://www.atacadao.com.br/arroz-namorado-agulhinha-tipo-1-5619-14443/p,/_next/image?url=https%3A%2F%2Fatacadaobr.vtexassets.com%2Farquivos%2Fids%2F652073-300-300%2Fg.jpg%3Fv%3D638976140219130000&w=3840&q=85,15.6,5.0,kg,3.12,kg,"R$ 3,12/kg",available,success,arroz 5 kg,,2025-12-31T22:03:41.763377
407ac47a-6eca-4530-8d8b-7cc28068c325,atacadao,Atacadão,Arroz para Cães Cão Brasil 5kg,https://www.atacadao.com.br/arroz-para-caes-cao-brasil-11418-14553/p,/_next/image?url=https%3A%2F%2Fatacadaobr.vtexassets.com%2Farquivos%2Fids%2F655157-300-300%2Fg.jpg%3Fv%3D638976164602300000&w=3840&q=75,16.9,5.0,kg,3.38,kg,"R$ 3,38/kg",available,success,arroz 5 kg,,2025-12-31T22:03:42.860945
24a4f37d-eba3-4820-900c-c0f8dad115e8,carrefour,Carrefour,Arroz Solito Tipo 1 5Kg,https://mercado.carrefour.com.br/arroz-solito-tipo-1-5kg-962740/p,https://carrefourbrfood.vtexassets.com/arquivos/ids/182493353-200-auto/arroz-solito-tipo-1-5kg-1.jpg?v=638723876748630000&quality=5&width=200&height=200,16.98,5.0,kg,3.4,kg,"R$ 3,40/kg",available,success,arroz 5 kg,,2025-12-31T22:03:39.408112
e2e43b28-ed5e-46b6-81ff-cac9a66fc5eb,atacadao,Atacadão,Arroz Camil Parboilizado Tipo 1 5kg,https://www.atacadao.com.br/arroz-camil-parboilizado-tipo-1-15255-13773/p,/_next/image?url=https%3A%2F%2Fatacadaobr.vtexassets.com%2Farquivos%2Fids%2F655794-300-300%2Fg.jpg%3Fv%3D638976168579270000&w=3840&q=80,17.49,5.0,kg,3.5,kg,"R$ 3,50/kg",available,success,arroz 5 kg,,2025-12-31T22:03:42.045282
8b47951f-f7ae-42dc-a35d-774f390ccc2a,carrefour,Carrefour,Arroz Branco Camil Tipo 1 5kg,https://mercado.carrefour.com.br/arroz-branco-camil-tipo-1-5kg-115789/p,https://carrefourbrfood.vtexassets.com/arquivos/ids/205951054-200-auto/115789_1.jpg?v=638977929408970000&quality=5&width=200&height=200,18.69,5.0,kg,3.74,kg,"R$ 3,74/kg",available,success,arroz 5 kg,,2025-12-31T22:03:39.008092
e3daf360-6416-4a5d-9dc5-57bebcfe79da,carrefour,Carrefour,Arroz Branco Longo-fino Tipo 2 Camil Todo Dia 5 Kg,https://mercado.carrefour.com.br/arroz-branco-longo-fino-tipo-2-camil-todo-dia-5-kg-2456630/p,https://carrefourbrfood.vtexassets.com/arquivos/ids/193474-200-auto/2456630_1.jpg?v=637272430236930000&quality=5&width=200&height=200,19.59,5.0,kg,3.92,kg,"R$ 3,92/kg",available,success,arroz 5 kg,,2025-12-31T22:03:39.665209
449db1c4-948d-4e5c-b6b1-4fc453ae1994,pao_acucar,Pão de Açúcar,Arroz Branco Tipo 1 Qualitá Pacote 5kg,https://www.paodeacucar.com/produto/107050/p,,19.99,5.0,kg,4.0,kg,"R$ 4,00/kg",available,success,arroz 5 kg,,2025-12-31T22:03:35.511738
8efd58c1-7384-4358-ae9b-f12527979c97,pao_acucar,Pão de Açúcar,Arroz Parboilizado Tipo 1 Qualitá Pacote 5kg,https://www.paodeacucar.com/produto/162907/p,,19.99,5.0,kg,4.0,kg,"R$ 4,00/kg",available,success,arroz 5 kg,,2025-12-31T22:03:35.511738
115dbbb4-1223-4ba8-a1d0-511d433da301,pao_acucar,Pão de Açúcar,Arroz Branco Tipo 1 Solito Pacote 5kg,https://www.paodeacucar.com/produto/201984/p,,20.99,5.0,kg,4.2,kg,"R$ 4,20/kg",available,success,arroz 5 kg,,2025-12-31T22:03:35.511738
6b21a8bf-7208-4cb0-b529-0f7d1c98ec2e,carrefour,Carrefour,Arroz Solito Premium Tipo 1 5Kg,https://mercado.carrefour.com.br/arroz-solito-premium-tipo-1-5kg-8226806/p,https://carrefourbrfood.vtexassets.com/arquivos/ids/182493352-200-auto/arroz-solito-premium-tipo-1-5kg-1.jpg?v=638723876696200000&quality=5&width=200&height=200,21.99,5.0,kg,4.4,kg,"R$ 4,40/kg",available,success,arroz 5 kg,,2025-12-31T22:03:39.712845
7a620b62-f9cc-4425-b67f-85692259d330,carrefour,Carrefour,Arroz Branco Longo-fino Tipo 1 Reserva Especial Camil Todo Dia 5Kg,https://mercado.carrefour.com.br/arroz-branco-longofino-tipo-1-reserva-especial-camil-todo-dia-5kg-4920171/p,https://carrefourbrfood.vtexassets.com/arquivos/ids/194806-200-auto/4920171_1.jpg?v=637272433435400000&quality=5&width=200&height=200,23.19,5.0,kg,4.64,kg,"R$ 4,64/kg",available,success,arroz 5 kg,,2025-12-31T22:03:39.202643
d3ce9318-0aaf-4ed1-b8ca-db5d229976c1,atacadao,Atacadão,Arroz Prato Fino Agulhinha Tipo 1 5kg,https://www.atacadao.com.br/arroz-prato-fino-agulhinha-tipo-1-1105-14662/p,/_next/image?url=https%3A%2F%2Fatacadaobr.vtexassets.com%2Farquivos%2Fids%2F662308-300-300%2Fg.jpg%3Fv%3D638976410050900000&w=3840&q=80,24.5,5.0,kg,4.9,kg,"R$ 4,90/kg",available,success,arroz 5 kg,,2025-12-31T22:03:41.881151
b78e34f2-7846-49bc-a9b1-5089f955c049,pao_acucar,Pão de Açúcar,Arroz Agulhinha Tipo 1 CAMIL Pacote 5kg,https://www.paodeacucar.com/produto/41329/p,,24.99,5.0,kg,5.0,kg,"R$ 5,00/kg",available,success,arroz 5 kg,,2025-12-31T22:03:35.511738
8cb45a36-15c1-40bb-8717-097267f8e95b,carrefour,Carrefour,Arroz Branco Longo-fino Tipo 1 Broto Legal 5 Kg,https://mercado.carrefour.com.br/arroz-branco-longo-fino-tipo-1-broto-legal-5-kg-4439058/p,https://carrefourbrfood.vtexassets.com/arquivos/ids/16593088-200-auto/arroz-branco-longo-fino-tipo-1-broto-legal-5-kg-1.jpg?v=637552304949830000&quality=5&width=200&height=200,25.99,5.0,kg,5.2,kg,"R$ 5,20/kg",available,success,arroz 5 kg,,2025-12-31T22:03:39.561163
95ccdf7f-94ac-467e-88de-93fed8ed6948,carrefour,Carrefour,Arroz Branco Prato Fino Tipo 1 - 5kg,https://mercado.carrefour.com.br/arroz-branco-prato-fino-tipo-1-5kg-906417/p,https://carrefourbrfood.vtexassets.com/arquivos/ids/193571-200-auto/906417_1.jpg?v=637272430399600000&quality=5&width=200&height=200,26.09,5.0,kg,5.22,kg,"R$ 5,22/kg",available,success,arroz 5 kg,,2025-12-31T22:03:39.071864
f417bc80-e12c-4f43-8bda-f4a42fb4317a,atacadao,Atacadão,Arroz Tio João Agulhinha - Tipo 1 5kg,https://www.atacadao.com.br/arroz-tio-joao-agulhinha---tipo-1-5148-15022/p,/_next/image?url=https%3A%2F%2Fatacadaobr.vtexassets.com%2Farquivos%2Fids%2F651726-300-300%2Fp.jpg%3Fv%3D638976138887800000&w=3840&q=80,26.5,5.0,kg,5.3,kg,"R$ 5,30/kg",available,success,arroz 5 kg,,2025-12-31T22:03:41.962039
5370d5b4-f7f4-4e01-92f8-b71785e72967,atacadao,Atacadão,Arroz Albaruska Agulhinha Tipo 1 5kg,https://www.atacadao.com.br/arroz-albaruska-agulhinha-tipo-1-34107-13499/p,/_next/image?url=https%3A%2F%2Fatacadaobr.vtexassets.com%2Farquivos%2Fids%2F659024-300-300%2Fp.jpg%3Fv%3D638976191474970000&w=3840&q=75,26.49,5.0,kg,5.3,kg,"R$ 5,30/kg",available,success,arroz 5 kg,,2025-12-31T22:03:42.350931
a56347d4-1126-4375-8d74-074350702c85,carrefour,Carrefour,Arroz Parboilizado Longo-fino Tipo 1 Tio João 5 Kg,https://mercado.carrefour.com.br/arroz-parboilizado-longo-fino-tipo-1-tio-joao-5-kg-3136418/p,https://carrefourbrfood.vtexassets.com/arquivos/ids/193539-200-auto/3136418_1.jpg?v=637272430328270000&quality=5&width=200&height=200,26.99,5.0,kg,5.4,kg,"R$ 5,40/kg",available,success,arroz 5 kg,,2025-12-31T22:03:39.611837
2ada2672-2950-47dc-a8b8-a431949c238c,carrefour,Carrefour,Arroz Branco Longo Tipo 1 Albaruska 5Kg,https://mercado.carrefour.com.br/arroz-branco-longo-tipo-1-albaruska-5kg-7800452/p,https://carrefourbrfood.vtexassets.com/arquivos/ids/193527-200-auto/7800452_1.jpg?v=637272430308100000&quality=5&width=200&height=200,27.99,5.0,kg,5.6,kg,"R$ 5,60/kg",available,success,arroz 5 kg,,2025-12-31T22:03:39.509119
cd7bbdf2-7ef5-480f-b458-a751125b0f8d,carrefour,Carrefour,Arroz Branco Longo-fino Tipo 1 Empório São João 5Kg,https://mercado.carrefour.com.br/arroz-branco-longo-fino-tipo-1-emporio-sao-joao-5kg-8459584/p,https://carrefourbrfood.vtexassets.com/arquivos/ids/208592-200-auto/8459584_1.jpg?v=637272507337800000&quality=5&width=200&height=200,28.09,5.0,kg,5.62,kg,"R$ 5,62/kg",available,success,arroz 5 kg,,2025-12-31T22:03:39.764072
dae7b073-3aab-42c7-b2b5-79cfb984d1c8,carrefour,Carrefour,Arroz Branco Longo-fino Tipo 1 Tio João 5 Kg,https://mercado.carrefour.com.br/arroz-branco-longo-fino-tipo-1-tio-joao-5-kg/p,https://carrefourbrfood.vtexassets.com/arquivos/ids/211136-200-auto/115690_1.jpg?v=637272513228570000&quality=5&width=200&height=200,28.49,5.0,kg,5.7,kg,"R$ 5,70/kg",available,success,arroz 5 kg,,2025-12-31T22:03:39.292011
52f12b05-3b6a-4027-bf98-7784e69d3c34,pao_acucar,Pão de Açúcar,Arroz EMPÓRIO SÃO JOÃO Tipo 1 5 Kg,https://www.paodeacucar.com/produto/347009/p,,30.49,5.0,kg,6.1,kg,"R$ 6,10/kg",available,success,arroz 5 kg,,2025-12-31T22:03:35.511738
fabd729e-dba4-4f1e-b671-a640a229e477,carrefour,Carrefour,Arroz Parboilizado Longo-fino Tipo 1 Prato Fino 5 Kg,https://mercado.carrefour.com.br/arroz-parboilizado-longo-fino-tipo-1-prato-fino-5-kg-7043228/p,https://carrefourbrfood.vtexassets.com/arquivos/ids/193579-200-auto/7043228_1.jpg?v=637272430414630000&quality=5&width=200&height=200,31.19,5.0,kg,6.24,kg,"R$ 6,24/kg",available,success,arroz 5 kg,,2025-12-31T22:03:39.810122
98a53476-d0e2-4cb0-9cee-1ef218287eb3,pao_acucar,Pão de Açúcar,Arroz Camil Tipo 1 Pacote 2kg,https://www.paodeacucar.com/produto/195371/p,,12.99,2.0,kg,6.5,kg,"R$ 6,50/kg",available,success,arroz 5 kg,,2025-12-31T22:03:35.511738
5aaab1bc-6b20-461e-96dd-4e69b543c840,pao_acucar,Pão de Açúcar,Arroz Agulhinha Tipo 1 CAMIL Pacote 1kg,https://www.paodeacucar.com/produto/99080/p,,6.59,1.0,kg,6.59,kg,"R$ 6,59/kg",available,success,arroz 5 kg,,2025-12-31T22:03:35.511738
a5d620ef-adb8-4c1c-abd2-5c315eb73712,pao_acucar,Pão de Açúcar,Arroz Agulhinha Tipo 1 PRATO FINO Pacote 1kg,https://www.paodeacucar.com/produto/21713/p,,6.69,1.0,kg,6.69,kg,"R$ 6,69/kg",available,success,arroz 5 kg,,2025-12-31T22:03:35.511738
768324b0-9c76-4fcf-8acd-31ecd8b0be99,pao_acucar,Pão de Açúcar,Arroz Agulhinha Tipo 1 Longo Fino CAMIL Reserva Especial Pacote 5kg,https://www.paodeacucar.com/produto/114449/p,,34.99,5.0,kg,7.0,kg,"R$ 7,00/kg",available,success,arroz 5 kg,,2025-12-31T22:03:35.511738
282591e3-a06a-433d-830e-fe7599d8290c,pao_acucar,Pão de Açúcar,Arroz Agulhinha Tipo 1 Prato Fino Pacote 5kg,https://www.paodeacucar.com/produto/61036/p,,36.49,5.0,kg,7.3,kg,"R$ 7,30/kg",available,success,arroz 5 kg,,2025-12-31T22:03:35.511738
8537b433-c1a6-4863-8b57-086057062166,pao_acucar,Pão de Açúcar,Arroz Agulhinha Longo Fino Tipo 1 TIO JOÃO Pacote 2kg,https://www.paodeacucar.com/produto/168429/p,,14.79,2.0,kg,7.4,kg,"R$ 7,40/kg",available,success,arroz 5 kg,,2025-12-31T22:03:35.511738
5464b7e7-c985-4d6d-b9c3-1b5dbe106166,pao_acucar,Pão de Açúcar,Arroz Agulhinha Tipo 1 TIO JOÃO Pacote 1kg,https://www.paodeacucar.com/produto/31117/p,,7.49,1.0,kg,7.49,kg,"R$ 7,49/kg",available,success,arroz 5 kg,,2025-12-31T22:03:35.511738
b12d1805-42a7-4fe8-918d-bbb03e9ea957,pao_acucar,Pão de Açúcar,Arroz Parboilizado Tipo 1 CAMIL Pacote 5kg,https://www.paodeacucar.com/produto/139643/p,,37.49,5.0,kg,7.5,kg,"R$ 7,50/kg",available,success,arroz 5 kg,,2025-12-31T22:03:35.511738
36381d52-e467-4c8e-92bd-81aa4f8ce5af,pao_acucar,Pão de Açúcar,Arroz Parboilizado Tipo 1 TIO JOÃO Pacote 1kg,https://www.paodeacucar.com/produto/168465/p,,7.59,1.0,kg,7.59,kg,"R$ 7,59/kg",available,success,arroz 5 kg,,2025-12-31T22:03:35.511738
a21e44c0-0738-4a86-b220-42ed0db0b87f,pao_acucar,Pão de Açúcar,Arroz Agulhinha Tipo 1 TIO JOÃO Pacote 5kg,https://www.paodeacucar.com/produto/138068/p,,37.99,5.0,kg,7.6,kg,"R$ 7,60/kg",available,success,arroz 5 kg,,2025-12-31T22:03:35.511738
c199fb3a-3e00-4454-ad7e-0e5e64022c65,carrefour,Carrefour,Arroz Branco Longo-fino Tipo 1 Camil Todo Dia 5Kg 2 Unidades,https://mercado.carrefour.com.br/arroz-branco-longofino-tipo-1-camil-todo-dia-5kg-2-unidades-b2-2-115789/p,https://carrefourbrfood.vtexassets.com/arquivos/ids/193717776-200-auto/arroz-branco-longo-fino-tipo-1-camil-todo-dia-5kg-2-unidades-1.jpg?v=638872296610470000&quality=5&width=200&height=200,41.58,5.0,kg,8.32,kg,"R$ 8,32/kg",available,success,arroz 5 kg,,2025-12-31T22:03:39.142163
6a8ebbdd-c06b-4638-a42d-c809a745926b,pao_acucar,Pão de Açúcar,Arroz Integral Tipo 1 TIO JOÃO Pacote 1kg,https://www.paodeacucar.com/produto/126639/p,,8.79,1.0,kg,8.79,kg,"R$ 8,79/kg",available,success,arroz 5 kg,,2025-12-31T22:03:35.511738
407344c2-6ce5-4029-8189-5b21168a18bb,carrefour,Carrefour,Arroz Oriental Tipo 1 Solito Inari 5Kg,https://mercado.carrefour.com.br/arroz-oriental-tipo-1-solito-inari-5kg-5622107/p,https://carrefourbrfood.vtexassets.com/arquivos/ids/32971568-200-auto/5622107_1.jpg?v=637786341443770000&quality=5&width=200&height=200,47.99,5.0,kg,9.6,kg,"R$ 9,60/kg",available,success,arroz 5 kg,,2025-12-31T22:03:39.858251
8f665c83-a3e4-4a11-b07e-2fa8dc28c523,atacadao,Atacadão,Arroz Momiji Japonês Tipo 1 5kg,https://www.atacadao.com.br/arroz-momiji-japones-tipo-1-15782-14439/p,/_next/image?url=https%3A%2F%2Fatacadaobr.vtexassets.com%2Farquivos%2Fids%2F655898-300-300%2Fm.jpg%3Fv%3D638976169016870000&w=3840&q=75,48.88,5.0,kg,9.78,kg,"R$ 9,78/kg",available,success,arroz 5 kg,,2025-12-31T22:03:42.211975
74f1d654-3d25-40d2-a33c-a7a76be077da,carrefour,Carrefour,Arroz Carreteiro Na Panelinha Seara 300g,https://mercado.carrefour.com.br/arroz-carreteiro-na-panelinha-seara-300g-3496520/p,https://carrefourbrfood.vtexassets.com/arquivos/ids/194062255-200-auto/arroz-carreteiro-na-panelinha-seara-300g-1.jpg?v=638887808647170000&quality=5&width=200&height=200,18.98,0.3,kg,63.27,kg,"R$ 63,27/kg",available,success,arroz 5 kg,,2025-12-31T22:03:38.821406
a180921f-b183-4c93-979e-0b1cd6e9fad8,carrefour,Carrefour,Arroz Carreteiro Na Panelinha Seara 300g,https://mercado.carrefour.com.br/arroz-carreteiro-na-panelinha-seara-300g-3496520/p,https://carrefourbrfood.vtexassets.com/arquivos/ids/194062255-200-auto/arroz-carreteiro-na-panelinha-seara-300g-1.jpg?v=638887808647170000&quality=5&width=200&height=200,18.98,0.3,kg,63.27,kg,"R$ 63,27/kg",available,success,arroz 5 kg,,2025-12-31T22:03:39.911175
